{
  "accuracy": 0.9265175718849841,
  "precision": 0.8445807770961146,
  "recall": 0.9627039627039627,
  "f1": 0.8997821350762528,
  "auc": 0.9843117595243962
}