{
  "accuracy": 0.8892215568862275,
  "precision": 0.8686131386861314,
  "recall": 0.8623188405797102,
  "f1": 0.8654545454545454,
  "auc": 0.9174677117223701
}